{"cameraMode":{"drawMode":0,"name":"Shaded","section":"Shading Mode"},"sceneLighting":true,"audioPlay":false,"sceneViewState":{"showFog":true,"showMaterialUpdate":true,"showSkybox":true,"showFlares":true,"showImageEffects":true,"showParticleSystems":true},"in2DMode":false,"pivot":{"x":-0.8047804832458496,"y":-3.495901584625244,"z":-19.545516967773439},"rotation":{"x":0.03408186137676239,"y":0.9610432982444763,"z":-0.13818705081939698,"w":0.2370169758796692},"size":6.395500183105469,"orthographic":false}