{"cameraMode":{"drawMode":0,"name":"Shaded","section":"Shading Mode"},"sceneLighting":false,"audioPlay":false,"sceneViewState":{"showFog":true,"showMaterialUpdate":true,"showSkybox":true,"showFlares":true,"showImageEffects":true,"showParticleSystems":true},"in2DMode":false,"pivot":{"x":-3.203711986541748,"y":-3.440056800842285,"z":-17.45830535888672},"rotation":{"x":0.009680566377937794,"y":0.9903315305709839,"z":-0.0956745520234108,"w":0.10016428679227829},"size":7.4507737159729,"orthographic":false}